<?xml version="1.0" encoding="UTF-8"?>
<metadata xml:lang="es"><Esri><CreaDate>20230112</CreaDate><CreaTime>10591100</CreaTime><ArcGISFormat>1.0</ArcGISFormat><SyncOnce>FALSE</SyncOnce><DataProperties><lineage><Process Name="Raster to Polygon" ToolSource="c:\program files (x86)\arcgis\desktop10.8\ArcToolbox\Toolboxes\Conversion Tools.tbx\RasterToPolygon" Date="20221228" Time="084856">RasterToPolygon Reclass_prue8 C:\Users\Acer\Documents\ArcGIS\Default1.gdb\RasterT_Reclass1 NO_SIMPLIFY Value SINGLE_OUTER_PART #</Process><Process Name="Union" ToolSource="c:\program files (x86)\arcgis\desktop10.8\ArcToolbox\Toolboxes\Analysis Tools.tbx\Union" Date="20221228" Time="090746">Union "RasterT_Reclass1_Layer #;'C:\Users\Acer\Documents\GioNegri\Agromarketing\Datos Paraguay\DATOS PY OFICIALES AGM\No_cultivos_agm_2020\No_cultivos_agm_2021.shp' #" C:\Users\Acer\Documents\ArcGIS\Default1.gdb\Union ALL # GAPS</Process><Process Name="Intersect" ToolSource="c:\program files (x86)\arcgis\desktop10.8\ArcToolbox\Toolboxes\Analysis Tools.tbx\Intersect" Date="20221228" Time="091115">Intersect "Union_Layer #;'C:\Users\Acer\Documents\GioNegri\Agromarketing\Datos Paraguay\DATOS PY OFICIALES AGM\Distritos_AGM_2020\Nuevo 2021\dist_agm_2021.shp' #" C:\Users\Acer\Documents\ArcGIS\Default1.gdb\Union_Intersect ALL # INPUT</Process><Process Name="Delete Features" ToolSource="c:\program files (x86)\arcgis\desktop10.8\ArcToolbox\Toolboxes\Data Management Tools.tbx\DeleteFeatures" Date="20221228" Time="091148">DeleteFeatures Union_Intersect_Layer</Process><Process Name="Project" ToolSource="c:\program files (x86)\arcgis\desktop10.8\ArcToolbox\Toolboxes\Data Management Tools.tbx\Project" Date="20221228" Time="091420">Project Union_Intersect_Layer C:\Users\Acer\Documents\ArcGIS\Default1.gdb\un_it PROJCS['WGS_1984_UTM_Zone_21S',GEOGCS['GCS_WGS_1984',DATUM['D_WGS_1984',SPHEROID['WGS_1984',6378137.0,298.257223563]],PRIMEM['Greenwich',0.0],UNIT['Degree',0.0174532925199433]],PROJECTION['Transverse_Mercator'],PARAMETER['False_Easting',500000.0],PARAMETER['False_Northing',10000000.0],PARAMETER['Central_Meridian',-57.0],PARAMETER['Scale_Factor',0.9996],PARAMETER['Latitude_Of_Origin',0.0],UNIT['Meter',1.0]] # GEOGCS['GCS_WGS_1984',DATUM['D_WGS_1984',SPHEROID['WGS_1984',6378137.0,298.257223563]],PRIMEM['Greenwich',0.0],UNIT['Degree',0.0174532925199433]] NO_PRESERVE_SHAPE # NO_VERTICAL</Process><Process Name="Feature Class to Feature Class" ToolSource="c:\program files (x86)\arcgis\desktop10.8\ArcToolbox\Toolboxes\Conversion Tools.tbx\FeatureClassToFeatureClass" Date="20221228" Time="091614">FeatureClassToFeatureClass C:\Users\Acer\Documents\ArcGIS\Default1.gdb\un_it "C:\Users\Acer\Documents\GioNegri\Agromarketing\Silca\arcgis\AvancesZafra 19_20\Historicos\Zafra 22-23" 30dic1.shp # "FID_Union "FID_Union" true true false 0 Long 0 0 ,First,#,C:\Users\Acer\Documents\ArcGIS\Default1.gdb\un_it,FID_Union,-1,-1;FID_Raster "FID_Raster" true true false 0 Long 0 0 ,First,#,C:\Users\Acer\Documents\ArcGIS\Default1.gdb\un_it,FID_RasterT_Reclass1,-1,-1;Shape_Leng "Shape_Leng" true false true 0 Double 0 0 ,First,#,C:\Users\Acer\Documents\ArcGIS\Default1.gdb\un_it,Shape_Length,-1,-1;Shape_Area "Shape_Area" true false true 0 Double 0 0 ,First,#,C:\Users\Acer\Documents\ArcGIS\Default1.gdb\un_it,Shape_Area,-1,-1;ID "ID" true true false 0 Long 0 0 ,First,#,C:\Users\Acer\Documents\ArcGIS\Default1.gdb\un_it,ID,-1,-1;GRIDCODE "GRIDCODE" true true false 0 Long 0 0 ,First,#,C:\Users\Acer\Documents\ArcGIS\Default1.gdb\un_it,GRIDCODE,-1,-1;FID_No_cul "FID_No_cul" true true false 0 Long 0 0 ,First,#,C:\Users\Acer\Documents\ArcGIS\Default1.gdb\un_it,FID_No_cultivos_agm_2021,-1,-1;OBJECTID_1 "OBJECTID_1" true false false 10 Long 0 10 ,First,#,C:\Users\Acer\Documents\ArcGIS\Default1.gdb\un_it,OBJECTID_1,-1,-1;FID_Shape_ "FID_Shape_" true false false 10 Long 0 10 ,First,#,C:\Users\Acer\Documents\ArcGIS\Default1.gdb\un_it,FID_Shape_,-1,-1;ident "ident" true false false 15 Text 0 0 ,First,#,C:\Users\Acer\Documents\ArcGIS\Default1.gdb\un_it,ident,-1,-1;FID_dist_a "FID_dist_a" true true false 0 Long 0 0 ,First,#,C:\Users\Acer\Documents\ArcGIS\Default1.gdb\un_it,FID_dist_agm_2021,-1,-1;DIST_DESC "DIST_DESC" true false false 30 Text 0 0 ,First,#,C:\Users\Acer\Documents\ArcGIS\Default1.gdb\un_it,DIST_DESC,-1,-1;DPTO_DESC "DPTO_DESC" true false false 30 Text 0 0 ,First,#,C:\Users\Acer\Documents\ArcGIS\Default1.gdb\un_it,DPTO_DESC,-1,-1;SubZona "SubZona" true false false 50 Text 0 0 ,First,#,C:\Users\Acer\Documents\ArcGIS\Default1.gdb\un_it,SubZona,-1,-1" #</Process><Process Name="Add Field (10)" ToolSource="c:\program files (x86)\arcgis\desktop10.8\ArcToolbox\Toolboxes\Data Management Tools.tbx\AddField" Date="20221228" Time="091622">AddField "C:\Users\Acer\Documents\GioNegri\Agromarketing\Silca\arcgis\AvancesZafra 19_20\Historicos\Zafra 22-23\30dic1.shp" Area_ha DOUBLE 20 2 # # NULLABLE NON_REQUIRED #</Process><Process Name="Add Field" ToolSource="c:\program files (x86)\arcgis\desktop10.8\ArcToolbox\Toolboxes\Data Management Tools.tbx\AddField" Date="20221228" Time="091629">AddField "C:\Users\Acer\Documents\GioNegri\Agromarketing\Silca\arcgis\AvancesZafra 19_20\Historicos\Zafra 22-23\30dic1.shp" Est_Fen TEXT 5 # 5 # NULLABLE NON_REQUIRED #</Process><Process Name="Add Field (2)" ToolSource="c:\program files (x86)\arcgis\desktop10.8\ArcToolbox\Toolboxes\Data Management Tools.tbx\AddField" Date="20221228" Time="091637">AddField "C:\Users\Acer\Documents\GioNegri\Agromarketing\Silca\arcgis\AvancesZafra 19_20\Historicos\Zafra 22-23\30dic1.shp" Region TEXT 15 # 15 # NULLABLE NON_REQUIRED #</Process><Process Name="Add Field (3)" ToolSource="c:\program files (x86)\arcgis\desktop10.8\ArcToolbox\Toolboxes\Data Management Tools.tbx\AddField" Date="20221228" Time="091644">AddField "C:\Users\Acer\Documents\GioNegri\Agromarketing\Silca\arcgis\AvancesZafra 19_20\Historicos\Zafra 22-23\30dic1.shp" Año TEXT # # 5 # NULLABLE NON_REQUIRED #</Process><Process Name="Add Field (4)" ToolSource="c:\program files (x86)\arcgis\desktop10.8\ArcToolbox\Toolboxes\Data Management Tools.tbx\AddField" Date="20221228" Time="091652">AddField "C:\Users\Acer\Documents\GioNegri\Agromarketing\Silca\arcgis\AvancesZafra 19_20\Historicos\Zafra 22-23\30dic1.shp" Mes TEXT # # 15 # NULLABLE NON_REQUIRED #</Process><Process Name="Add Field (5)" ToolSource="c:\program files (x86)\arcgis\desktop10.8\ArcToolbox\Toolboxes\Data Management Tools.tbx\AddField" Date="20221228" Time="091659">AddField "C:\Users\Acer\Documents\GioNegri\Agromarketing\Silca\arcgis\AvancesZafra 19_20\Historicos\Zafra 22-23\30dic1.shp" Fecha TEXT # # 15 # NULLABLE NON_REQUIRED #</Process><Process Name="Add Field (6)" ToolSource="c:\program files (x86)\arcgis\desktop10.8\ArcToolbox\Toolboxes\Data Management Tools.tbx\AddField" Date="20221228" Time="091707">AddField "C:\Users\Acer\Documents\GioNegri\Agromarketing\Silca\arcgis\AvancesZafra 19_20\Historicos\Zafra 22-23\30dic1.shp" Orden TEXT # # 5 # NULLABLE NON_REQUIRED #</Process><Process Name="Add Field (7)" ToolSource="c:\program files (x86)\arcgis\desktop10.8\ArcToolbox\Toolboxes\Data Management Tools.tbx\AddField" Date="20221228" Time="091715">AddField "C:\Users\Acer\Documents\GioNegri\Agromarketing\Silca\arcgis\AvancesZafra 19_20\Historicos\Zafra 22-23\30dic1.shp" Dias_cor TEXT # # 15 # NULLABLE NON_REQUIRED #</Process><Process Name="Add Field (8)" ToolSource="c:\program files (x86)\arcgis\desktop10.8\ArcToolbox\Toolboxes\Data Management Tools.tbx\AddField" Date="20221228" Time="091723">AddField "C:\Users\Acer\Documents\GioNegri\Agromarketing\Silca\arcgis\AvancesZafra 19_20\Historicos\Zafra 22-23\30dic1.shp" Dias_med TEXT # # 15 # NULLABLE NON_REQUIRED #</Process><Process Name="Add Field (9)" ToolSource="c:\program files (x86)\arcgis\desktop10.8\ArcToolbox\Toolboxes\Data Management Tools.tbx\AddField" Date="20221228" Time="091731">AddField "C:\Users\Acer\Documents\GioNegri\Agromarketing\Silca\arcgis\AvancesZafra 19_20\Historicos\Zafra 22-23\30dic1.shp" Dias_Largo TEXT # # 15 # NULLABLE NON_REQUIRED #</Process><Process Name="Add Field (11)" ToolSource="c:\program files (x86)\arcgis\desktop10.8\ArcToolbox\Toolboxes\Data Management Tools.tbx\AddField" Date="20221228" Time="091739">AddField "C:\Users\Acer\Documents\GioNegri\Agromarketing\Silca\arcgis\AvancesZafra 19_20\Historicos\Zafra 22-23\30dic1.shp" Campaña TEXT # # 15 # NULLABLE NON_REQUIRED #</Process><Process Name="Add Field (12)" ToolSource="c:\program files (x86)\arcgis\desktop10.8\ArcToolbox\Toolboxes\Data Management Tools.tbx\AddField" Date="20221228" Time="091747">AddField "C:\Users\Acer\Documents\GioNegri\Agromarketing\Silca\arcgis\AvancesZafra 19_20\Historicos\Zafra 22-23\30dic1.shp" Fecha_phy DATE # # 15 # NULLABLE NON_REQUIRED #</Process><Process Name="Feature Class to Feature Class (2)" ToolSource="c:\program files (x86)\arcgis\desktop10.8\ArcToolbox\Toolboxes\Conversion Tools.tbx\FeatureClassToFeatureClass" Date="20221228" Time="092005">FeatureClassToFeatureClass "C:\Users\Acer\Documents\GioNegri\Agromarketing\Silca\arcgis\AvancesZafra 19_20\Historicos\Zafra 22-23\30dic1.shp" "C:\Users\Acer\Documents\GioNegri\Agromarketing\Silca\arcgis\AvancesZafra 19_20\Historicos\Zafra 22-23" 30dic2.shp # "FID_Union "FID_Union" true true false 0 Long 0 0 ,First,#,C:\Users\Acer\Documents\GioNegri\Agromarketing\Silca\arcgis\AvancesZafra 19_20\Historicos\Zafra 22-23\30dic1.shp,FID_Union,-1,-1;FID_Raster "FID_Raster" true true false 0 Long 0 0 ,First,#,C:\Users\Acer\Documents\GioNegri\Agromarketing\Silca\arcgis\AvancesZafra 19_20\Historicos\Zafra 22-23\30dic1.shp,FID_Raster,-1,-1;Shape_Leng "Shape_Leng" true true true 0 Double 0 0 ,First,#,C:\Users\Acer\Documents\GioNegri\Agromarketing\Silca\arcgis\AvancesZafra 19_20\Historicos\Zafra 22-23\30dic1.shp,Shape_Leng,-1,-1;Shape_Area "Shape_Area" true true true 0 Double 0 0 ,First,#,C:\Users\Acer\Documents\GioNegri\Agromarketing\Silca\arcgis\AvancesZafra 19_20\Historicos\Zafra 22-23\30dic1.shp,Shape_Area,-1,-1;ID "ID" true true false 0 Long 0 0 ,First,#,C:\Users\Acer\Documents\GioNegri\Agromarketing\Silca\arcgis\AvancesZafra 19_20\Historicos\Zafra 22-23\30dic1.shp,ID,-1,-1;GRIDCODE "GRIDCODE" true true false 0 Long 0 0 ,First,#,C:\Users\Acer\Documents\GioNegri\Agromarketing\Silca\arcgis\AvancesZafra 19_20\Historicos\Zafra 22-23\30dic1.shp,GRIDCODE,-1,-1;FID_No_cul "FID_No_cul" true true false 0 Long 0 0 ,First,#,C:\Users\Acer\Documents\GioNegri\Agromarketing\Silca\arcgis\AvancesZafra 19_20\Historicos\Zafra 22-23\30dic1.shp,FID_No_cul,-1,-1;OBJECTID_1 "OBJECTID_1" true true false 10 Long 0 10 ,First,#,C:\Users\Acer\Documents\GioNegri\Agromarketing\Silca\arcgis\AvancesZafra 19_20\Historicos\Zafra 22-23\30dic1.shp,OBJECTID_1,-1,-1;FID_Shape_ "FID_Shape_" true true false 10 Long 0 10 ,First,#,C:\Users\Acer\Documents\GioNegri\Agromarketing\Silca\arcgis\AvancesZafra 19_20\Historicos\Zafra 22-23\30dic1.shp,FID_Shape_,-1,-1;ident "ident" true true false 15 Text 0 0 ,First,#,C:\Users\Acer\Documents\GioNegri\Agromarketing\Silca\arcgis\AvancesZafra 19_20\Historicos\Zafra 22-23\30dic1.shp,ident,-1,-1;FID_dist_a "FID_dist_a" true true false 0 Long 0 0 ,First,#,C:\Users\Acer\Documents\GioNegri\Agromarketing\Silca\arcgis\AvancesZafra 19_20\Historicos\Zafra 22-23\30dic1.shp,FID_dist_a,-1,-1;DIST_DESC "DIST_DESC" true true false 30 Text 0 0 ,First,#,C:\Users\Acer\Documents\GioNegri\Agromarketing\Silca\arcgis\AvancesZafra 19_20\Historicos\Zafra 22-23\30dic1.shp,DIST_DESC,-1,-1;DPTO_DESC "DPTO_DESC" true true false 30 Text 0 0 ,First,#,C:\Users\Acer\Documents\GioNegri\Agromarketing\Silca\arcgis\AvancesZafra 19_20\Historicos\Zafra 22-23\30dic1.shp,DPTO_DESC,-1,-1;SubZona "SubZona" true true false 50 Text 0 0 ,First,#,C:\Users\Acer\Documents\GioNegri\Agromarketing\Silca\arcgis\AvancesZafra 19_20\Historicos\Zafra 22-23\30dic1.shp,SubZona,-1,-1;Area_ha "Area_ha" true true false 0 Double 20 40 ,First,#,C:\Users\Acer\Documents\GioNegri\Agromarketing\Silca\arcgis\AvancesZafra 19_20\Historicos\Zafra 22-23\30dic1.shp,Area_ha,-1,-1;Est_Fen "Est_Fen" true true false 5 Text 5 10 ,First,#,C:\Users\Acer\Documents\GioNegri\Agromarketing\Silca\arcgis\AvancesZafra 19_20\Historicos\Zafra 22-23\30dic1.shp,Est_Fen,-1,-1;Region "Region" true true false 15 Text 15 30 ,First,#,C:\Users\Acer\Documents\GioNegri\Agromarketing\Silca\arcgis\AvancesZafra 19_20\Historicos\Zafra 22-23\30dic1.shp,Region,-1,-1;Año "Año" true true false 5 Text 0 0 ,First,#,C:\Users\Acer\Documents\GioNegri\Agromarketing\Silca\arcgis\AvancesZafra 19_20\Historicos\Zafra 22-23\30dic1.shp,Año,-1,-1;Mes "Mes" true true false 15 Text 0 0 ,First,#,C:\Users\Acer\Documents\GioNegri\Agromarketing\Silca\arcgis\AvancesZafra 19_20\Historicos\Zafra 22-23\30dic1.shp,Mes,-1,-1;Fecha "Fecha" true true false 15 Text 0 0 ,First,#,C:\Users\Acer\Documents\GioNegri\Agromarketing\Silca\arcgis\AvancesZafra 19_20\Historicos\Zafra 22-23\30dic1.shp,Fecha,-1,-1;Orden "Orden" true true false 5 Text 0 0 ,First,#,C:\Users\Acer\Documents\GioNegri\Agromarketing\Silca\arcgis\AvancesZafra 19_20\Historicos\Zafra 22-23\30dic1.shp,Orden,-1,-1;Dias_cor "Dias_cor" true true false 15 Text 0 0 ,First,#,C:\Users\Acer\Documents\GioNegri\Agromarketing\Silca\arcgis\AvancesZafra 19_20\Historicos\Zafra 22-23\30dic1.shp,Dias_cor,-1,-1;Dias_med "Dias_med" true true false 15 Text 0 0 ,First,#,C:\Users\Acer\Documents\GioNegri\Agromarketing\Silca\arcgis\AvancesZafra 19_20\Historicos\Zafra 22-23\30dic1.shp,Dias_med,-1,-1;Dias_Largo "Dias_Largo" true true false 15 Text 0 0 ,First,#,C:\Users\Acer\Documents\GioNegri\Agromarketing\Silca\arcgis\AvancesZafra 19_20\Historicos\Zafra 22-23\30dic1.shp,Dias_Largo,-1,-1;Campaña "Campaña" true true false 15 Text 0 0 ,First,#,C:\Users\Acer\Documents\GioNegri\Agromarketing\Silca\arcgis\AvancesZafra 19_20\Historicos\Zafra 22-23\30dic1.shp,Campaña,-1,-1;Fecha_phy "Fecha_phy" true true false 15 Date 0 0 ,First,#,C:\Users\Acer\Documents\GioNegri\Agromarketing\Silca\arcgis\AvancesZafra 19_20\Historicos\Zafra 22-23\30dic1.shp,Fecha_phy,-1,-1" #</Process><Process Name="Calculate Field" ToolSource="c:\program files (x86)\arcgis\desktop10.8\ArcToolbox\Toolboxes\Data Management Tools.tbx\CalculateField" Date="20221228" Time="102434">CalculateField 30dic2 Est_Fen Reclass(!GRIDCODE!) PYTHON "def Reclass(GRIDCODE):
    if (GRIDCODE &gt;= 100 and GRIDCODE &lt;=114 ):
        return "V1"
    elif (GRIDCODE &gt;= 115 and GRIDCODE &lt;= 129):
        return "V2"
    elif (GRIDCODE &gt;= 130 and GRIDCODE &lt;= 144):
        return "V3"
    elif (GRIDCODE &gt;= 145 and GRIDCODE &lt;= 159):
        return "V4"
    elif (GRIDCODE &gt;= 160 and GRIDCODE &lt;= 174):
        return "R1"
    elif (GRIDCODE &gt;= 175 and GRIDCODE &lt;= 189):
        return "R2"
    elif (GRIDCODE &gt;= 190 and GRIDCODE &lt;= 204):
        return "R3"
    elif (GRIDCODE &gt;= 205 and GRIDCODE &lt;= 219):
        return "R4"
    elif (GRIDCODE &gt;= 220 and GRIDCODE &lt;= 234):
        return "R5"
    elif (GRIDCODE &gt;= 235 and GRIDCODE &lt;= 249):
        return "R6""</Process><Process Name="Calculate Field (2)" ToolSource="c:\program files (x86)\arcgis\desktop10.8\ArcToolbox\Toolboxes\Data Management Tools.tbx\CalculateField" Date="20221228" Time="102449">CalculateField 30dic2 Dias_cor Reclass(!Est_Fen!) PYTHON "def Reclass(Est_Fen):
    if Est_Fen == "V1":
        return "124 dias"
    elif Est_Fen == "V2":
        return "115 dias"
    elif Est_Fen == "V3":
        return "105 dias"
    elif Est_Fen == "V4":
        return "99 dias"
    elif Est_Fen == "R1":
        return "86 dias"
    elif Est_Fen == "R2":
        return "73 dias"
    elif Est_Fen == "R3":
        return "56 dias"
    elif Est_Fen == "R4":
        return "34 dias"
    elif Est_Fen == "R5":
        return "24 dias"
    elif Est_Fen == "R6":
        return "14 dias"
"</Process><Process Name="Calculate Field (3)" ToolSource="c:\program files (x86)\arcgis\desktop10.8\ArcToolbox\Toolboxes\Data Management Tools.tbx\CalculateField" Date="20221228" Time="102504">CalculateField 30dic2 Dias_med Reclass(!Est_Fen!) PYTHON "def Reclass(Est_Fen):
    if Est_Fen == "V1":
        return "131 dias"
    elif Est_Fen == "V2":
        return "121 dias"
    elif Est_Fen == "V3":
        return "111 dias"
    elif Est_Fen == "V4":
        return "105 dias"
    elif Est_Fen == "R1":
        return "93 dias"
    elif Est_Fen == "R2":
        return "78 dias"
    elif Est_Fen == "R3":
        return "62 dias"
    elif Est_Fen == "R4":
        return "35 dias"
    elif Est_Fen == "R5":
        return "25 dias"
    elif Est_Fen == "R6":
        return "18 dias""</Process><Process Name="Calculate Field (4)" ToolSource="c:\program files (x86)\arcgis\desktop10.8\ArcToolbox\Toolboxes\Data Management Tools.tbx\CalculateField" Date="20221228" Time="102518">CalculateField 30dic2 Dias_Largo Reclass(!Est_Fen!) PYTHON "def Reclass(Est_Fen):
    if Est_Fen == "V1":
        return "134 dias"
    elif Est_Fen == "V2":
        return "124 dias"
    elif Est_Fen == "V3":
        return "114 dias"
    elif Est_Fen == "V4":
        return "110 dias"
    elif Est_Fen == "R1":
        return "90 dias"
    elif Est_Fen == "R2":
        return "75 dias"
    elif Est_Fen == "R3":
        return "57 dias"
    elif Est_Fen == "R4":
        return "47 dias"
    elif Est_Fen == "R5":
        return "37 dias"
    elif Est_Fen == "R6":
        return "23 dias""</Process><Process Name="Calculate Field (5)" ToolSource="c:\program files (x86)\arcgis\desktop10.8\ArcToolbox\Toolboxes\Data Management Tools.tbx\CalculateField" Date="20221228" Time="102531">CalculateField 30dic2 Region !SubZona! PYTHON #</Process><Process Name="Calculate Field (6)" ToolSource="c:\program files (x86)\arcgis\desktop10.8\ArcToolbox\Toolboxes\Data Management Tools.tbx\CalculateField" Date="20221228" Time="102539">CalculateField 30dic2 Año "2022" PYTHON #</Process><Process Name="Calculate Field (7)" ToolSource="c:\program files (x86)\arcgis\desktop10.8\ArcToolbox\Toolboxes\Data Management Tools.tbx\CalculateField" Date="20221228" Time="102547">CalculateField 30dic2 Mes "Diciembre" PYTHON #</Process><Process Name="Calculate Field (8)" ToolSource="c:\program files (x86)\arcgis\desktop10.8\ArcToolbox\Toolboxes\Data Management Tools.tbx\CalculateField" Date="20221228" Time="102554">CalculateField 30dic2 Fecha "12/30/2022" PYTHON #</Process><Process Name="Calculate Field (9)" ToolSource="c:\program files (x86)\arcgis\desktop10.8\ArcToolbox\Toolboxes\Data Management Tools.tbx\CalculateField" Date="20221228" Time="102602">CalculateField 30dic2 Orden "Z" PYTHON #</Process><Process ToolSource="c:\program files (x86)\arcgis\desktop10.8\ArcToolbox\Toolboxes\Data Management Tools.tbx\CalculateField" Date="20221228" Time="102756">CalculateField 30dic2 Campaña "Zafra 22-23" VB #</Process><Process ToolSource="c:\program files (x86)\arcgis\desktop10.8\ArcToolbox\Toolboxes\Data Management Tools.tbx\CalculateField" Date="20221228" Time="102854">CalculateField 30dic2 Fecha_phy 30/12/2022 VB #</Process><Process ToolSource="c:\program files (x86)\arcgis\desktop10.8\ArcToolbox\Toolboxes\Data Management Tools.tbx\CalculateField" Date="20221228" Time="103004">CalculateField 30dic2 Fecha_phy time.strftime('30/12/2022') PYTHON_9.3 #</Process><Process ToolSource="c:\program files (x86)\arcgis\desktop10.8\ArcToolbox\Toolboxes\Data Management Tools.tbx\Dissolve" Date="20230102" Time="084721">Dissolve 30dic2 C:\Users\Acer\Documents\ArcGIS\Default1.gdb\c30dic2_Dissolve4 DIST_DESC;DPTO_DESC;Est_Fen;Region;Año;Mes;Fecha;Orden;Dias_cor;Dias_med;Dias_Largo;Campaña;Fecha_phy # MULTI_PART DISSOLVE_LINES</Process><Process ToolSource="c:\program files (x86)\arcgis\desktop10.8\ArcToolbox\Toolboxes\Data Management Tools.tbx\CalculateField" Date="20230102" Time="094015">CalculateField c30dic2_Dissolve4 Area_ha2 [Area_ha]*1.102 VB #</Process><Process ToolSource="c:\program files (x86)\arcgis\desktop10.8\ArcToolbox\Toolboxes\Data Management Tools.tbx\CalculateField" Date="20230102" Time="094138">CalculateField c30dic2_Dissolve4 Area_ha2 [Area_ha] VB #</Process><Process ToolSource="c:\program files (x86)\arcgis\desktop10.8\ArcToolbox\Toolboxes\Data Management Tools.tbx\CalculateField" Date="20230102" Time="094236">CalculateField c30dic2_Dissolve4 Area_ha2 [Area_ha]*1.08 VB #</Process><Process ToolSource="c:\program files (x86)\arcgis\desktop10.8\ArcToolbox\Toolboxes\Data Management Tools.tbx\CalculateField" Date="20230102" Time="094305">CalculateField c30dic2_Dissolve4 Area_ha2 [Area_ha]*1.18 VB #</Process><Process ToolSource="c:\program files (x86)\arcgis\desktop10.8\ArcToolbox\Toolboxes\Data Management Tools.tbx\CalculateField" Date="20230102" Time="094529">CalculateField c30dic2_Dissolve4 Area_ha2 [Area_ha]*1.03 VB #</Process><Process ToolSource="c:\program files (x86)\arcgis\desktop10.8\ArcToolbox\Toolboxes\Data Management Tools.tbx\CalculateField" Date="20230102" Time="094722">CalculateField c30dic2_Dissolve4 Area_ha2 [Area_ha]*1 VB #</Process><Process ToolSource="c:\program files (x86)\arcgis\desktop10.8\ArcToolbox\Toolboxes\Data Management Tools.tbx\CalculateField" Date="20230102" Time="094756">CalculateField c30dic2_Dissolve4 Area_ha2 [Area_ha]*1.29 VB #</Process><Process ToolSource="c:\program files (x86)\arcgis\desktop10.8\ArcToolbox\Toolboxes\Data Management Tools.tbx\CalculateField" Date="20230102" Time="094847">CalculateField c30dic2_Dissolve4 Area_ha2 [Area_ha]*1.18 VB #</Process><Process ToolSource="c:\program files (x86)\arcgis\desktop10.8\ArcToolbox\Toolboxes\Data Management Tools.tbx\CalculateField" Date="20230102" Time="095116">CalculateField c30dic2_Dissolve4 Area_ha2 [Area_ha]*1.33 VB #</Process><Process ToolSource="c:\program files (x86)\arcgis\desktop10.8\ArcToolbox\Toolboxes\Data Management Tools.tbx\CalculateField" Date="20230102" Time="095248">CalculateField c30dic2_Dissolve4 Area_ha2 [Area_ha]*1.04 VB #</Process><Process ToolSource="c:\program files (x86)\arcgis\desktop10.8\ArcToolbox\Toolboxes\Data Management Tools.tbx\CalculateField" Date="20230102" Time="104654">CalculateField c30dic2_Dissolve4 Area_ha2 [Area_ha]*1.16 VB #</Process><Process ToolSource="c:\program files (x86)\arcgis\desktop10.8\ArcToolbox\Toolboxes\Data Management Tools.tbx\CalculateField" Date="20230102" Time="104744">CalculateField c30dic2_Dissolve4 Area_ha2 [Area_ha]*1.116 VB #</Process><Process ToolSource="c:\program files (x86)\arcgis\desktop10.8\ArcToolbox\Toolboxes\Data Management Tools.tbx\CalculateField" Date="20230102" Time="104825">CalculateField c30dic2_Dissolve4 Area_ha2 [Area_ha]*1.2 VB #</Process><Process ToolSource="c:\program files (x86)\arcgis\desktop10.8\ArcToolbox\Toolboxes\Cartography Tools.tbx\SimplifyPolygon" Date="20230102" Time="110716">SimplifyPolygon c30dic2_Dissolve4 C:\Users\Acer\Documents\ArcGIS\Default1.gdb\c30dic2_Dissolve4_SimplifyPo1 POINT_REMOVE "250 Meters" "0 SquareMeters" RESOLVE_ERRORS NO_KEEP #</Process><Process ToolSource="c:\program files (x86)\arcgis\desktop10.8\ArcToolbox\Toolboxes\Data Management Tools.tbx\DeleteField" Date="20230102" Time="110748">DeleteField c30dic2_Dissolve4_SimplifyPo1 InPoly_FID;SimPgnFlag;MaxSimpTol;MinSimpTol</Process><Process ToolSource="c:\program files (x86)\arcgis\desktop10.8\ArcToolbox\Toolboxes\Data Management Tools.tbx\CalculateField" Date="20230102" Time="110843">CalculateField 30dic3_final Area_ha [Area_ha2] VB #</Process><Process ToolSource="c:\program files (x86)\arcgis\desktop10.8\ArcToolbox\Toolboxes\Data Management Tools.tbx\CalculateField" Date="20230220" Time="151816">CalculateField 30dic3_final Orden "G" VB #</Process><Process ToolSource="c:\program files (x86)\arcgis\desktop10.8\ArcToolbox\Toolboxes\Data Management Tools.tbx\CalculateField" Date="20230220" Time="151947">CalculateField 30dic3_final Campañas [Campaña] VB #</Process></lineage><itemProps><itemName Sync="TRUE">c30dic2_Dissolve4_SimplifyPo1</itemName><imsContentType Sync="TRUE">002</imsContentType><itemLocation><linkage Sync="TRUE">file://\\NOTEBOOK_NEGRI\C$\Users\Acer\Documents\GioNegri\Agromarketing\Silca\arcgis\Cuantificacion\Historicos\Zafra 22-23\Shapefiles\30dic3_final</linkage><protocol Sync="TRUE">Local Area Network</protocol></itemLocation><itemSize Sync="TRUE">0.000</itemSize></itemProps><coordRef><type Sync="TRUE">Projected</type><geogcsn Sync="TRUE">GCS_WGS_1984</geogcsn><csUnits Sync="TRUE">Linear Unit: Meter (1.000000)</csUnits><peXml Sync="TRUE">&lt;ProjectedCoordinateSystem xsi:type='typens:ProjectedCoordinateSystem' xmlns:xsi='http://www.w3.org/2001/XMLSchema-instance' xmlns:xs='http://www.w3.org/2001/XMLSchema' xmlns:typens='http://www.esri.com/schemas/ArcGIS/10.8'&gt;&lt;WKT&gt;PROJCS[&amp;quot;WGS_1984_UTM_Zone_21S&amp;quot;,GEOGCS[&amp;quot;GCS_WGS_1984&amp;quot;,DATUM[&amp;quot;D_WGS_1984&amp;quot;,SPHEROID[&amp;quot;WGS_1984&amp;quot;,6378137.0,298.257223563]],PRIMEM[&amp;quot;Greenwich&amp;quot;,0.0],UNIT[&amp;quot;Degree&amp;quot;,0.0174532925199433]],PROJECTION[&amp;quot;Transverse_Mercator&amp;quot;],PARAMETER[&amp;quot;False_Easting&amp;quot;,500000.0],PARAMETER[&amp;quot;False_Northing&amp;quot;,10000000.0],PARAMETER[&amp;quot;Central_Meridian&amp;quot;,-57.0],PARAMETER[&amp;quot;Scale_Factor&amp;quot;,0.9996],PARAMETER[&amp;quot;Latitude_Of_Origin&amp;quot;,0.0],UNIT[&amp;quot;Meter&amp;quot;,1.0],AUTHORITY[&amp;quot;EPSG&amp;quot;,32721]]&lt;/WKT&gt;&lt;XOrigin&gt;-5120900&lt;/XOrigin&gt;&lt;YOrigin&gt;1900&lt;/YOrigin&gt;&lt;XYScale&gt;10000&lt;/XYScale&gt;&lt;ZOrigin&gt;-100000&lt;/ZOrigin&gt;&lt;ZScale&gt;10000&lt;/ZScale&gt;&lt;MOrigin&gt;-100000&lt;/MOrigin&gt;&lt;MScale&gt;10000&lt;/MScale&gt;&lt;XYTolerance&gt;0.001&lt;/XYTolerance&gt;&lt;ZTolerance&gt;0.001&lt;/ZTolerance&gt;&lt;MTolerance&gt;0.001&lt;/MTolerance&gt;&lt;HighPrecision&gt;true&lt;/HighPrecision&gt;&lt;WKID&gt;32721&lt;/WKID&gt;&lt;LatestWKID&gt;32721&lt;/LatestWKID&gt;&lt;/ProjectedCoordinateSystem&gt;</peXml><projcsn Sync="TRUE">WGS_1984_UTM_Zone_21S</projcsn></coordRef><copyHistory><copy source="C:\Users\Acer\Documents\GioNegri\Agromarketing\Silca\arcgis\AvancesZafra 19_20\Historicos\Zafra 22-23\30dic3_final" dest="\\NOTEBOOK_NEGRI\C$\Users\Acer\Documents\GioNegri\Agromarketing\Silca\arcgis\Cuantificacion\Historicos\Zafra 22-23\Shapefiles\30dic3_final" date="20230112" time="10591100"></copy></copyHistory></DataProperties><SyncDate>20230102</SyncDate><SyncTime>10525300</SyncTime><ModDate>20230102</ModDate><ModTime>10525300</ModTime></Esri><dataIdInfo><envirDesc Sync="TRUE"> Version 6.2 (Build 9200) ; Esri ArcGIS 10.8.1.14362</envirDesc><dataLang><languageCode value="spa" Sync="TRUE"></languageCode><countryCode value="ESP" Sync="TRUE"></countryCode></dataLang><idCitation><resTitle Sync="TRUE">c30dic2_Dissolve4_SimplifyPo1</resTitle><presForm><PresFormCd value="005" Sync="TRUE"></PresFormCd></presForm></idCitation><spatRpType><SpatRepTypCd value="001" Sync="TRUE"></SpatRepTypCd></spatRpType></dataIdInfo><mdLang><languageCode value="spa" Sync="TRUE"></languageCode><countryCode value="ESP" Sync="TRUE"></countryCode></mdLang><distInfo><distFormat><formatName Sync="TRUE">Clase de entidad de geodatabase de archivos</formatName></distFormat><distTranOps><transSize Sync="TRUE">0.000</transSize></distTranOps></distInfo><mdHrLv><ScopeCd value="005" Sync="TRUE"></ScopeCd></mdHrLv><mdHrLvName Sync="TRUE">dataset</mdHrLvName><refSysInfo><RefSystem><refSysID><identCode code="32721" Sync="TRUE"></identCode><idCodeSpace Sync="TRUE">EPSG</idCodeSpace><idVersion Sync="TRUE">2.1(3.0.1)</idVersion></refSysID></RefSystem></refSysInfo><spatRepInfo><VectSpatRep><geometObjs Name="c30dic2_Dissolve4_SimplifyPo1"><geoObjTyp><GeoObjTypCd value="002" Sync="TRUE"></GeoObjTypCd></geoObjTyp><geoObjCnt Sync="TRUE">0</geoObjCnt></geometObjs><topLvl><TopoLevCd value="001" Sync="TRUE"></TopoLevCd></topLvl></VectSpatRep></spatRepInfo><spdoinfo><ptvctinf><esriterm Name="c30dic2_Dissolve4_SimplifyPo1"><efeatyp Sync="TRUE">Simple</efeatyp><efeageom code="4" Sync="TRUE"></efeageom><esritopo Sync="TRUE">FALSE</esritopo><efeacnt Sync="TRUE">0</efeacnt><spindex Sync="TRUE">TRUE</spindex><linrefer Sync="TRUE">FALSE</linrefer></esriterm></ptvctinf></spdoinfo><eainfo><detailed Name="c30dic2_Dissolve4_SimplifyPo1"><enttyp><enttypl Sync="TRUE">c30dic2_Dissolve4_SimplifyPo1</enttypl><enttypt Sync="TRUE">Feature Class</enttypt><enttypc Sync="TRUE">0</enttypc></enttyp><attr><attrlabl Sync="TRUE">OBJECTID</attrlabl><attalias Sync="TRUE">FID</attalias><attrtype Sync="TRUE">OID</attrtype><attwidth Sync="TRUE">4</attwidth><atprecis Sync="TRUE">0</atprecis><attscale Sync="TRUE">0</attscale><attrdef Sync="TRUE">Internal feature number.</attrdef><attrdefs Sync="TRUE">Esri</attrdefs><attrdomv><udom Sync="TRUE">Sequential unique whole numbers that are automatically generated.</udom></attrdomv></attr><attr><attrlabl Sync="TRUE">Shape</attrlabl><attalias Sync="TRUE">Shape</attalias><attrtype Sync="TRUE">Geometry</attrtype><attwidth Sync="TRUE">0</attwidth><atprecis Sync="TRUE">0</atprecis><attscale Sync="TRUE">0</attscale><attrdef Sync="TRUE">Feature geometry.</attrdef><attrdefs Sync="TRUE">Esri</attrdefs><attrdomv><udom Sync="TRUE">Coordinates defining the features.</udom></attrdomv></attr><attr><attrlabl Sync="TRUE">DIST_DESC</attrlabl><attalias Sync="TRUE">DIST_DESC</attalias><attrtype Sync="TRUE">String</attrtype><attwidth Sync="TRUE">30</attwidth><atprecis Sync="TRUE">0</atprecis><attscale Sync="TRUE">0</attscale></attr><attr><attrlabl Sync="TRUE">DPTO_DESC</attrlabl><attalias Sync="TRUE">DPTO_DESC</attalias><attrtype Sync="TRUE">String</attrtype><attwidth Sync="TRUE">30</attwidth><atprecis Sync="TRUE">0</atprecis><attscale Sync="TRUE">0</attscale></attr><attr><attrlabl Sync="TRUE">Shape_Area</attrlabl><attalias Sync="TRUE">Shape_Area</attalias><attrtype Sync="TRUE">Double</attrtype><attwidth Sync="TRUE">8</attwidth><atprecis Sync="TRUE">0</atprecis><attscale Sync="TRUE">0</attscale><attrdef Sync="TRUE">Area of feature in internal units squared.</attrdef><attrdefs Sync="TRUE">Esri</attrdefs><attrdomv><udom Sync="TRUE">Positive real numbers that are automatically generated.</udom></attrdomv></attr><attr><attrlabl Sync="TRUE">Est_Fen</attrlabl><attalias Sync="TRUE">Est_Fen</attalias><attrtype Sync="TRUE">String</attrtype><attwidth Sync="TRUE">5</attwidth><atprecis Sync="TRUE">0</atprecis><attscale Sync="TRUE">0</attscale></attr><attr><attrlabl Sync="TRUE">Region</attrlabl><attalias Sync="TRUE">Region</attalias><attrtype Sync="TRUE">String</attrtype><attwidth Sync="TRUE">15</attwidth><atprecis Sync="TRUE">0</atprecis><attscale Sync="TRUE">0</attscale></attr><attr><attrlabl Sync="TRUE">Año</attrlabl><attalias Sync="TRUE">Año</attalias><attrtype Sync="TRUE">String</attrtype><attwidth Sync="TRUE">5</attwidth><atprecis Sync="TRUE">0</atprecis><attscale Sync="TRUE">0</attscale></attr><attr><attrlabl Sync="TRUE">Mes</attrlabl><attalias Sync="TRUE">Mes</attalias><attrtype Sync="TRUE">String</attrtype><attwidth Sync="TRUE">15</attwidth><atprecis Sync="TRUE">0</atprecis><attscale Sync="TRUE">0</attscale></attr><attr><attrlabl Sync="TRUE">Fecha</attrlabl><attalias Sync="TRUE">Fecha</attalias><attrtype Sync="TRUE">String</attrtype><attwidth Sync="TRUE">15</attwidth><atprecis Sync="TRUE">0</atprecis><attscale Sync="TRUE">0</attscale></attr><attr><attrlabl Sync="TRUE">Orden</attrlabl><attalias Sync="TRUE">Orden</attalias><attrtype Sync="TRUE">String</attrtype><attwidth Sync="TRUE">5</attwidth><atprecis Sync="TRUE">0</atprecis><attscale Sync="TRUE">0</attscale></attr><attr><attrlabl Sync="TRUE">Dias_cor</attrlabl><attalias Sync="TRUE">Dias_cor</attalias><attrtype Sync="TRUE">String</attrtype><attwidth Sync="TRUE">15</attwidth><atprecis Sync="TRUE">0</atprecis><attscale Sync="TRUE">0</attscale></attr><attr><attrlabl Sync="TRUE">Dias_med</attrlabl><attalias Sync="TRUE">Dias_med</attalias><attrtype Sync="TRUE">String</attrtype><attwidth Sync="TRUE">15</attwidth><atprecis Sync="TRUE">0</atprecis><attscale Sync="TRUE">0</attscale></attr><attr><attrlabl Sync="TRUE">Dias_Largo</attrlabl><attalias Sync="TRUE">Dias_Largo</attalias><attrtype Sync="TRUE">String</attrtype><attwidth Sync="TRUE">15</attwidth><atprecis Sync="TRUE">0</atprecis><attscale Sync="TRUE">0</attscale></attr><attr><attrlabl Sync="TRUE">Campaña</attrlabl><attalias Sync="TRUE">Campaña</attalias><attrtype Sync="TRUE">String</attrtype><attwidth Sync="TRUE">15</attwidth><atprecis Sync="TRUE">0</atprecis><attscale Sync="TRUE">0</attscale></attr><attr><attrlabl Sync="TRUE">Area_ha</attrlabl><attalias Sync="TRUE">Area_ha</attalias><attrtype Sync="TRUE">Double</attrtype><attwidth Sync="TRUE">8</attwidth><atprecis Sync="TRUE">0</atprecis><attscale Sync="TRUE">0</attscale></attr><attr><attrlabl Sync="TRUE">Area_ha2</attrlabl><attalias Sync="TRUE">Area_ha2</attalias><attrtype Sync="TRUE">Double</attrtype><attwidth Sync="TRUE">8</attwidth><atprecis Sync="TRUE">0</atprecis><attscale Sync="TRUE">0</attscale></attr><attr><attrlabl Sync="TRUE">Shape_Length</attrlabl><attalias Sync="TRUE">Shape_Length</attalias><attrtype Sync="TRUE">Double</attrtype><attwidth Sync="TRUE">8</attwidth><atprecis Sync="TRUE">0</atprecis><attscale Sync="TRUE">0</attscale><attrdef Sync="TRUE">Length of feature in internal units.</attrdef><attrdefs Sync="TRUE">Esri</attrdefs><attrdomv><udom Sync="TRUE">Positive real numbers that are automatically generated.</udom></attrdomv></attr><attr><attrlabl Sync="TRUE">Fecha_phy</attrlabl><attalias Sync="TRUE">Fecha_phy</attalias><attrtype Sync="TRUE">Date</attrtype><attwidth Sync="TRUE">8</attwidth><atprecis Sync="TRUE">0</atprecis><attscale Sync="TRUE">0</attscale></attr></detailed></eainfo><mdDateSt Sync="TRUE">20230102</mdDateSt></metadata>
